,Unnamed: 0,disease,workout,workout_Telugu
0,0,Fungal infection,Avoid sugary foods,చక్కెర పదార్థాలను నివారించండి
1,1,Fungal infection,Consume probiotics,ప్రొబయోటిక్స్ తీసుకోండి
2,2,Fungal infection,Increase intake of garlic,వెల్లుల్లి తీసుకునే పరిమాణాన్ని పెంచండి
3,3,Fungal infection,Include yogurt in diet,ఆహారంలో పెరుగు చేర్చండి
4,4,Fungal infection,Limit processed foods,ప్రాసెస్ చేసిన ఆహారాన్ని పరిమితం చేయండి
5,5,Fungal infection,Stay hydrated,శరీరాన్ని తడిగా ఉంచండి
6,6,Fungal infection,Consume green tea,గ్రీన్ టీ త్రాగండి
7,7,Fungal infection,Eat foods rich in zinc,జింక్ అధికంగా ఉన్న ఆహారం తీసుకోండి
8,8,Fungal infection,Include turmeric in diet,ఆహారంలో పసుపు చేర్చండి
9,9,Fungal infection,Eat fruits and vegetables,పండ్లు మరియు కూరగాయలు తినండి
10,10,Allergy,Avoid allergenic foods,అలెర్జీ కలిగించే ఆహారాలను నివారించండి
11,11,Allergy,Consume anti-inflammatory foods,ఎంపికైన ఆహారాలు తీసుకోండి
12,12,Allergy,Include omega-3 fatty acids,ఒమేగా-3 ఫ్యాటీ ఆమ్లాలు ఉన్న ఆహారం తీసుకోండి
13,13,Allergy,Stay hydrated,శరీరాన్ని తడిగా ఉంచండి
14,14,Allergy,Eat foods rich in vitamin C,విటమిన్ సి ఎక్కువగా ఉన్న ఆహారం తినండి
15,15,Allergy,Include quercetin-rich foods,క్వెర్సెటిన్ ఎక్కువగా ఉన్న ఆహారం తీసుకోండి
16,16,Allergy,Consume local honey,స్థానిక తేనె తీసుకోండి
17,17,Allergy,Limit processed foods,ప్రాసెస్ చేసిన ఆహారాన్ని పరిమితం చేయండి
18,18,Allergy,Include ginger in diet,ఆహారంలో అల్లం చేర్చండి
19,19,Allergy,Avoid artificial additives,కృత్రిమ సంకలితాలను నివారించండి
20,20,GERD,Consume smaller meals,చిన్న భోజనాలు తీసుకోండి
21,21,GERD,"Avoid trigger foods (spicy, fatty)","ప్రేరేపక ఆహారాలు (మసాలా, కొవ్వు) నివారించండి"
22,22,GERD,Eat high-fiber foods,ఫైబర్ ఎక్కువగా ఉన్న ఆహారం తినండి
23,23,GERD,Limit caffeine and alcohol,కెఫిన్ మరియు ఆల్కహాల్ ను పరిమితం చేయండి
24,24,GERD,Chew food thoroughly,ఆహారాన్ని బాగా నమిలి తినండి
25,25,GERD,Avoid late-night eating,రాత్రి తర్వాత తినడం నివారించండి
26,26,GERD,Consume non-citrus fruits,సిట్రస్ కాని పండ్లు తినండి
27,27,GERD,Include lean proteins,తక్కువ కొవ్వు ఉన్న ప్రోటీన్లు తీసుకోండి
28,28,GERD,Stay hydrated,శరీరాన్ని తడిగా ఉంచండి
29,29,GERD,Avoid carbonated beverages,కార్బొనేటెడ్ పానీయాలు నివారించండి
30,30,Chronic cholestasis,Consume a low-fat diet,తక్కువ కొవ్వు ఉన్న ఆహారం తినండి
31,31,Chronic cholestasis,Eat high-fiber foods,ఫైబర్ ఎక్కువగా ఉన్న ఆహారం తినండి
32,32,Chronic cholestasis,Include healthy fats,ఆరోగ్యకరమైన కొవ్వులు తీసుకోండి
33,33,Chronic cholestasis,Limit alcohol consumption,ఆల్కహాల్ తీసుకోవడం పరిమితం చేయండి
34,34,Chronic cholestasis,Stay hydrated,శరీరాన్ని తడిగా ఉంచండి
35,35,Chronic cholestasis,Consume antioxidant-rich foods,యాంటీఆక్సిడెంట్లు ఎక్కువగా ఉన్న ఆహారం తినండి
36,36,Chronic cholestasis,Include omega-3 fatty acids,ఒమేగా-3 ఫ్యాటీ ఆమ్లాలు ఉన్న ఆహారం తీసుకోండి
37,37,Chronic cholestasis,Include lean proteins,తక్కువ కొవ్వు ఉన్న ప్రోటీన్లు తీసుకోండి
38,38,Chronic cholestasis,Limit processed foods,ప్రాసెస్ చేసిన ఆహారాన్ని పరిమితం చేయండి
39,39,Chronic cholestasis,Avoid fried foods,వేయించిన ఆహారాలు నివారించండి
40,40,Drug Reaction,Discontinue offending medication,హానికరమైన మందులు మానేయండి
41,41,Drug Reaction,Stay hydrated,శరీరాన్ని తడిగా ఉంచండి
42,42,Drug Reaction,Include anti-inflammatory foods,ఎంపికైన ఆహారాలు తీసుకోండి
43,43,Drug Reaction,Consume antioxidants,యాంటీఆక్సిడెంట్లు తీసుకోండి
44,44,Drug Reaction,Avoid trigger foods,ప్రేరేపక ఆహారాలు నివారించండి
45,45,Drug Reaction,Include omega-3 fatty acids,ఒమేగా-3 ఫ్యాటీ ఆమ్లాలు ఉన్న ఆహారం తీసుకోండి
46,46,Drug Reaction,Limit caffeine and alcohol,కెఫిన్ మరియు ఆల్కహాల్ ను పరిమితం చేయండి
47,47,Drug Reaction,Stay hydrated,శరీరాన్ని తడిగా ఉంచండి
48,48,Drug Reaction,Eat a balanced diet,సమతుల్య ఆహారం తినండి
49,49,Drug Reaction,Consult a healthcare professional,వైద్యుడిని సంప్రదించండి
50,50,Peptic ulcer disease,"Consume smaller, more frequent meals","చిన్న, తరచుగా భోజనాలు తినండి"
51,51,Peptic ulcer disease,"Avoid trigger foods (spicy, acidic)","ప్రేరేపక ఆహారాలు (మసాలా, ఆమ్లం) నివారించండి"
52,52,Peptic ulcer disease,Include high-fiber foods,ఫైబర్ ఎక్కువగా ఉన్న ఆహారం తినండి
53,53,Peptic ulcer disease,Limit caffeine and alcohol,కెఫిన్ మరియు ఆల్కహాల్ ను పరిమితం చేయండి
54,54,Peptic ulcer disease,Stay hydrated,శరీరాన్ని తడిగా ఉంచండి
55,55,Peptic ulcer disease,Consume probiotics,ప్రొబయోటిక్స్ తీసుకోండి
56,56,Peptic ulcer disease,Include lean proteins,తక్కువ కొవ్వు ఉన్న ప్రోటీన్లు తీసుకోండి
57,57,Peptic ulcer disease,Include antioxidant-rich foods,యాంటీఆక్సిడెంట్లు ఎక్కువగా ఉన్న ఆహారం తినండి
58,58,Peptic ulcer disease,Limit processed foods,ప్రాసెస్ చేసిన ఆహారాన్ని పరిమితం చేయండి
59,59,Peptic ulcer disease,Avoid smoking and alcohol,ధూమపానం మరియు ఆల్కహాల్ నివారించండి
60,60,AIDS,Follow a balanced and nutritious diet,సమతుల్య మరియు పోషక ఆహారం అనుసరించండి
61,61,AIDS,Include lean proteins,తక్కువ కొవ్వు ఉన్న ప్రోటీన్లు తీసుకోండి
62,62,AIDS,Consume nutrient-rich foods,పోషకాలు ఎక్కువగా ఉన్న ఆహారం తినండి
63,63,AIDS,Stay hydrated,శరీరాన్ని తడిగా ఉంచండి
64,64,AIDS,Include healthy fats,ఆరోగ్యకరమైన కొవ్వులు తీసుకోండి
65,65,AIDS,Avoid raw or undercooked foods,కచ్చి లేదా సగసగా వండిన ఆహారాలు నివారించండి
66,66,AIDS,Limit sugary foods and beverages,చక్కెర పదార్థాలు మరియు పానీయాలు పరిమితం చేయండి
67,67,AIDS,Consume immune-boosting foods,రోగనిరోధక శక్తిని పెంచే ఆహారం తినండి
68,68,AIDS,Take prescribed supplements,నిర్దేశించిన సప్లిమెంట్స్ తీసుకోండి
69,69,AIDS,Consult a healthcare professional,వైద్యుడిని సంప్రదించండి
70,70,Diabetes,Monitor carbohydrate intake,కార్బోహైడ్రేట్ తీసుకోవడాన్ని పర్యవేక్షించండి
71,71,Diabetes,Eat balanced meals,సమతుల్య భోజనాలు తినండి
72,72,Diabetes,Include lean proteins,తక్కువ కొవ్వు ఉన్న ప్రోటీన్లు తీసుకోండి
73,73,Diabetes,Consume high-fiber foods,ఫైబర్ ఎక్కువగా ఉన్న ఆహారం తినండి
74,74,Diabetes,Stay hydrated,శరీరాన్ని తడిగా ఉంచండి
75,75,Diabetes,Limit sugary foods and beverages,చక్కెర పదార్థాలు మరియు పానీయాలు పరిమితం చేయండి
76,76,Diabetes,Include healthy fats,ఆరోగ్యకరమైన కొవ్వులు తీసుకోండి
77,77,Diabetes,Monitor blood sugar levels,రక్తంలో చక్కెర స్థాయిని పర్యవేక్షించండి
78,78,Diabetes,Consult a registered dietitian,నమోదిత ఆహార నిపుణుని సంప్రదించండి
79,79,Diabetes,Take prescribed medications as directed,నిర్దేశించిన మందులు సక్రమంగా తీసుకోండి
80,80,Gastroenteritis,Stay hydrated,శరీరాన్ని తడిగా ఉంచండి
81,81,Gastroenteritis,Consume clear fluids,స్పష్టమైన ద్రవాలు తీసుకోండి
82,82,Gastroenteritis,"Follow the BRAT diet (bananas, rice, applesauce, toast)","BRAT ఆహారం (అరటి పండు, బియ్యం, ఆపిల్ సాస్, టోస్ట్) అనుసరించండి"
83,83,Gastroenteritis,Include bland foods,సాధారణ ఆహారం తినండి
84,84,Gastroenteritis,Avoid fatty and greasy foods,కొవ్వు మరియు నూనె ఎక్కువగా ఉన్న ఆహారాలు నివారించండి
85,85,Gastroenteritis,Limit caffeine and alcohol,కెఫిన్ మరియు ఆల్కహాల్ ను పరిమితం చేయండి
86,86,Gastroenteritis,Avoid spicy foods,మసాలా ఆహారాలు నివారించండి
87,87,Gastroenteritis,Consult a healthcare professional,వైద్యుడిని సంప్రదించండి
88,88,Gastroenteritis,Gradually reintroduce solid foods,క్రమంగా ఘన ఆహారం తినండి
89,89,Gastroenteritis,Avoid dairy products,పాల ఉత్పత్తులు నివారించండి
90,90,Bronchial Asthma,Include anti-inflammatory foods,ఎంపికైన ఆహారాలు తీసుకోండి
91,91,Bronchial Asthma,Consume omega-3 fatty acids,ఒమేగా-3 ఫ్యాటీ ఆమ్లాలు ఉన్న ఆహారం తీసుకోండి
92,92,Bronchial Asthma,Limit sodium intake,సోడియం తీసుకోవడం పరిమితం చేయండి
93,93,Bronchial Asthma,Stay hydrated,శరీరాన్ని తడిగా ఉంచండి
94,94,Bronchial Asthma,Include antioxidant-rich foods,యాంటీఆక్సిడెంట్లు ఎక్కువగా ఉన్న ఆహారం తినండి
95,95,Bronchial Asthma,Avoid sulfite-containing foods,సల్ఫైట్ ఉన్న ఆహారాలు నివారించండి
96,96,Bronchial Asthma,Limit processed foods,ప్రాసెస్ చేసిన ఆహారాన్ని పరిమితం చేయండి
97,97,Bronchial Asthma,Consume magnesium-rich foods,మెగ్నీషియం ఎక్కువగా ఉన్న ఆహారం తినండి
98,98,Bronchial Asthma,Consult a healthcare professional,వైద్యుడిని సంప్రదించండి
99,99,Bronchial Asthma,Avoid trigger foods,ప్రేరేపక ఆహారాలు నివారించండి
100,100,Hypertension,Follow the DASH diet (Dietary Approaches to Stop Hypertension),"DASH ఆహారం (హైపర్టెన్షన్ ఆపడానికి ఆహార విధానాలు) అనుసరించండి"
101,101,Hypertension,Limit sodium intake,సోడియం తీసుకోవడం పరిమితం చేయండి
102,102,Hypertension,Include potassium-rich foods,పొటాషియం ఎక్కువగా ఉన్న ఆహారం తినండి
103,103,Hypertension,Stay hydrated,శరీరాన్ని తడిగా ఉంచండి
104,104,Hypertension,Consume calcium-rich foods,కాల్షియం ఎక్కువగా ఉన్న ఆహారం తినండి
105,105,Hypertension,Limit alcohol consumption,ఆల్కహాల్ తీసుకోవడం పరిమితం చేయండి
106,106,Hypertension,Include magnesium-rich foods,మెగ్నీషియం ఎక్కువగా ఉన్న ఆహారం తినండి
107,107,Hypertension,Consume omega-3 fatty acids,ఒమేగా-3 ఫ్యాటీ ఆమ్లాలు ఉన్న ఆహారం తీసుకోండి
108,108,Hypertension,Limit processed foods,ప్రాసెస్ చేసిన ఆహారాన్ని పరిమితం చేయండి
109,109,Hypertension,Consult a healthcare professional,వైద్యుడిని సంప్రదించండి
110,110,Migraine,Identify and avoid trigger foods,ప్రేరేపక ఆహారాలను గుర్తించి నివారించండి
111,111,Migraine,Stay hydrated,శరీరాన్ని తడిగా ఉంచండి
112,112,Migraine,Include magnesium-rich foods,మెగ్నీషియం ఎక్కువగా ఉన్న ఆహారం తినండి
113,113,Migraine,Consume omega-3 fatty acids,ఒమేగా-3 ఫ్యాటీ ఆమ్లాలు ఉన్న ఆహారం తీసుకోండి
114,114,Migraine,Limit caffeine and alcohol,కెఫిన్ మరియు ఆల్కహాల్ ను పరిమితం చేయండి
115,115,Migraine,Consume riboflavin-rich foods,రిబోఫ్లావిన్ ఎక్కువగా ఉన్న ఆహారం తినండి
116,116,Migraine,Limit processed foods,ప్రాసెస్ చేసిన ఆహారాన్ని పరిమితం చేయండి
117,117,Migraine,Maintain regular meal times,నియమిత భోజన సమయాలు పాటించండి
118,118,Migraine,Consult a healthcare professional,వైద్యుడిని సంప్రదించండి
119,119,Migraine,Manage stress,ఒత్తిడిని నిర్వహించండి
120,120,Cervical spondylosis,Include anti-inflammatory foods,ఎంపికైన ఆహారాలు తీసుకోండి
121,121,Cervical spondylosis,Consume omega-3 fatty acids,ఒమేగా-3 ఫ్యాటీ ఆమ్లాలు ఉన్న ఆహారం తీసుకోండి
122,122,Cervical spondylosis,Include vitamin D-rich foods,విటమిన్ డి ఎక్కువగా ఉన్న ఆహారం తినండి
123,123,Cervical spondylosis,Stay hydrated,శరీరాన్ని తడిగా ఉంచండి
124,124,Cervical spondylosis,Consume antioxidant-rich foods,యాంటీఆక్సిడెంట్లు ఎక్కువగా ఉన్న ఆహారం తినండి
125,125,Cervical spondylosis,Limit processed foods,ప్రాసెస్ చేసిన ఆహారాన్ని పరిమితం చేయండి
126,126,Cervical spondylosis,Include lean proteins,తక్కువ కొవ్వు ఉన్న ప్రోటీన్లు తీసుకోండి
127,127,Cervical spondylosis,Practice good posture,మంచి భంగిమను పాటించండి
128,128,Cervical spondylosis,Consult a healthcare professional,వైద్యుడిని సంప్రదించండి
129,129,Cervical spondylosis,Engage in regular exercise,క్రమం తప్పకుండా వ్యాయామం చేయండి
130,130,Paralysis (brain hemorrhage),Follow a balanced and nutritious diet,సమతుల్య మరియు పోషక ఆహారం అనుసరించండి
131,131,Paralysis (brain hemorrhage),Include lean proteins,తక్కువ కొవ్వు ఉన్న ప్రోటీన్లు తీసుకోండి
132,132,Paralysis (brain hemorrhage),Consume nutrient-rich foods,పోషకాలు ఎక్కువగా ఉన్న ఆహారం తినండి
133,133,Paralysis (brain hemorrhage),Stay hydrated,శరీరాన్ని తడిగా ఉంచండి
134,134,Paralysis (brain hemorrhage),Include healthy fats,ఆరోగ్యకరమైన కొవ్వులు తీసుకోండి
135,135,Paralysis (brain hemorrhage),Limit sugary foods and beverages,చక్కెర పదార్థాలు మరియు పానీయాలు పరిమితం చేయండి
136,136,Paralysis (brain hemorrhage),Include antioxidants,యాంటీఆక్సిడెంట్లు తీసుకోండి
137,137,Paralysis (brain hemorrhage),Consume foods rich in vitamin K,విటమిన్ కె ఎక్కువగా ఉన్న ఆహారం తినండి
138,138,Paralysis (brain hemorrhage),Consult a healthcare professional,వైద్యుడిని సంప్రదించండి
139,139,Paralysis (brain hemorrhage),Manage stress,ఒత్తిడిని నిర్వహించండి
140,140,Jaundice,Stay hydrated,శరీరాన్ని తడిగా ఉంచండి
141,141,Jaundice,Consume nutrient-rich foods,పోషకాలు ఎక్కువగా ఉన్న ఆహారం తినండి
142,142,Jaundice,Include protein-rich foods,ప్రోటీన్ ఎక్కువగా ఉన్న ఆహారం తినండి
143,143,Jaundice,Consume easily digestible foods,సులభంగా జీర్ణమయ్యే ఆహారం తినండి
144,144,Jaundice,Limit fatty foods,కొవ్వు ఎక్కువగా ఉన్న ఆహారాలు పరిమితం చేయండి
145,145,Jaundice,Avoid alcohol and caffeine,ఆల్కహాల్ మరియు కెఫిన్ నివారించండి
146,146,Jaundice,Include vitamin C-rich foods,విటమిన్ సి ఎక్కువగా ఉన్న ఆహారం తినండి
147,147,Jaundice,Consult a healthcare professional,వైద్యుడిని సంప్రదించండి
148,148,Jaundice,Rest and conserve energy,విశ్రాంతి తీసుకోండి మరియు శక్తిని కాపాడుకోండి
149,149,Jaundice,Gradually resume normal diet,క్రమంగా సాధారణ ఆహారం తినండి
150,150,Malaria,Stay hydrated,శరీరాన్ని తడిగా ఉంచండి
151,151,Malaria,Consume nutrient-rich foods,పోషకాలు ఎక్కువగా ఉన్న ఆహారం తినండి
152,152,Malaria,Include protein-rich foods,ప్రోటీన్ ఎక్కువగా ఉన్న ఆహారం తినండి
153,153,Malaria,Consume foods rich in antioxidants,యాంటీఆక్సిడెంట్లు ఎక్కువగా ఉన్న ఆహారం తినండి
154,154,Malaria,Limit fatty and greasy foods,కొవ్వు మరియు నూనె ఎక్కువగా ఉన్న ఆహారాలు పరిమితం చేయండి
155,155,Malaria,Avoid alcohol and caffeine,ఆల్కహాల్ మరియు కెఫిన్ నివారించండి
156,156,Malaria,Include vitamin C-rich foods,విటమిన్ సి ఎక్కువగా ఉన్న ఆహారం తినండి
157,157,Malaria,Consult a healthcare professional,వైద్యుడిని సంప్రదించండి
158,158,Malaria,Rest and conserve energy,విశ్రాంతి తీసుకోండి మరియు శక్తిని కాపాడుకోండి
159,159,Malaria,Gradually resume normal diet,క్రమంగా సాధారణ ఆహారం తినండి
160,160,Chicken pox,Stay hydrated,శరీరాన్ని తడిగా ఉంచండి
161,161,Chicken pox,Include easily digestible foods,సులభంగా జీర్ణమయ్యే ఆహారం తినండి
162,162,Chicken pox,Include vitamin C-rich foods,విటమిన్ సి ఎక్కువగా ఉన్న ఆహారం తినండి
163,163,Chicken pox,Consume protein-rich foods,ప్రోటీన్ ఎక్కువగా ఉన్న ఆహారం తినండి
164,164,Chicken pox,Include zinc-rich foods,జింక్ ఎక్కువగా ఉన్న ఆహారం తినండి
165,165,Chicken pox,Avoid spicy and acidic foods,మసాలా మరియు ఆమ్ల ఆహారాలు నివారించండి
166,166,Chicken pox,Consult a healthcare professional,వైద్యుడిని సంప్రదించండి
167,167,Chicken pox,Practice good hygiene,మంచి శుభ్రతను పాటించండి
168,168,Chicken pox,Rest and conserve energy,విశ్రాంతి తీసుకోండి మరియు శక్తిని కాపాడుకోండి
169,169,Chicken pox,Gradually resume normal diet,క్రమంగా సాధారణ ఆహారం తినండి
170,170,Dengue,Stay hydrated,శరీరాన్ని తడిగా ఉంచండి
171,171,Dengue,Include nutrient-rich foods,పోషకాలు ఎక్కువగా ఉన్న ఆహారం తినండి
172,172,Dengue,Consume foods rich in vitamin C and antioxidants,విటమిన్ సి మరియు యాంటీఆక్సిడెంట్లు ఎక్కువగా ఉన్న ఆహారం తినండి
173,173,Dengue,Limit fatty and greasy foods,కొవ్వు మరియు నూనె ఎక్కువగా ఉన్న ఆహారాలు పరిమితం చేయండి
174,174,Dengue,Avoid caffeine and alcohol,కెఫిన్ మరియు ఆల్కహాల్ నివారించండి
175,175,Dengue,Include soft and easily digestible foods,మృదువైన మరియు సులభంగా జీర్ణమయ్యే ఆహారం తినండి
176,176,Dengue,Consult a healthcare professional,వైద్యుడిని సంప్రదించండి
177,177,Dengue,Rest and conserve energy,విశ్రాంతి తీసుకోండి మరియు శక్తిని కాపాడుకోండి
178,178,Dengue,Gradually resume normal diet,క్రమంగా సాధారణ ఆహారం తినండి
179,179,Dengue,Follow medical recommendations,వైద్య సిఫార్సులను పాటించండి
180,180,Typhoid,Consume easily digestible foods,సులభంగా జీర్ణమయ్యే ఆహారం తినండి
181,181,Typhoid,Stay hydrated,శరీరాన్ని తడిగా ఉంచండి
182,182,Typhoid,Include nutrient-rich foods,పోషకాలు ఎక్కువగా ఉన్న ఆహారం తినండి
183,183,Typhoid,Consume foods rich in vitamin C and antioxidants,విటమిన్ సి మరియు యాంటీఆక్సిడెంట్లు ఎక్కువగా ఉన్న ఆహారం తినండి
184,184,Typhoid,Include protein-rich foods,ప్రోటీన్ ఎక్కువగా ఉన్న ఆహారం తినండి
185,185,Typhoid,Avoid fatty and greasy foods,కొవ్వు మరియు నూనె ఎక్కువగా ఉన్న ఆహారాలు నివారించండి
186,186,Typhoid,Consult a healthcare professional,వైద్యుడిని సంప్రదించండి
187,187,Typhoid,Gradually resume normal diet,క్రమంగా సాధారణ ఆహారం తినండి
188,188,Typhoid,Follow medical recommendations,వైద్య సిఫార్సులను పాటించండి
189,189,Typhoid,Avoid alcohol and caffeine,ఆల్కహాల్ మరియు కెఫిన్ నివారించండి
190,190,hepatitis A,Stay hydrated,శరీరాన్ని తడిగా ఉంచండి
191,191,hepatitis A,Consume nutrient-rich foods,పోషకాలు ఎక్కువగా ఉన్న ఆహారం తినండి
192,192,hepatitis A,Include protein-rich foods,ప్రోటీన్ ఎక్కువగా ఉన్న ఆహారం తినండి
193,193,hepatitis A,Consume easily digestible foods,సులభంగా జీర్ణమయ్యే ఆహారం తినండి
194,194,hepatitis A,Limit fatty foods,కొవ్వు ఎక్కువగా ఉన్న ఆహారాలు పరిమితం చేయండి
195,195,hepatitis A,Avoid alcohol and caffeine,ఆల్కహాల్ మరియు కెఫిన్ నివారించండి
196,196,hepatitis A,Include vitamin C-rich foods,విటమిన్ సి ఎక్కువగా ఉన్న ఆహారం తినండి
197,197,hepatitis A,Consult a healthcare professional,వైద్యుడిని సంప్రదించండి
198,198,hepatitis A,Rest and conserve energy,విశ్రాంతి తీసుకోండి మరియు శక్తిని కాపాడుకోండి
199,199,hepatitis A,Gradually resume normal diet,క్రమంగా సాధారణ ఆహారం తినండి
200,200,Hepatitis B,Follow a balanced and nutritious diet,సమతుల్య మరియు పోషక ఆహారం అనుసరించండి
201,201,Hepatitis B,Stay hydrated,శరీరాన్ని తడిగా ఉంచండి
202,202,Hepatitis B,Include protein-rich foods,ప్రోటీన్ ఎక్కువగా ఉన్న ఆహారం తినండి
203,203,Hepatitis B,Consume nutrient-rich foods,పోషకాలు ఎక్కువగా ఉన్న ఆహారం తినండి
204,204,Hepatitis B,Limit fatty foods,కొవ్వు ఎక్కువగా ఉన్న ఆహారాలు పరిమితం చేయండి
205,205,Hepatitis B,Avoid alcohol and caffeine,ఆల్కహాల్ మరియు కెఫిన్ నివారించండి
206,206,Hepatitis B,Include vitamin C-rich foods,విటమిన్ సి ఎక్కువగా ఉన్న ఆహారం తినండి
207,207,Hepatitis B,Consult a healthcare professional,వైద్యుడిని సంప్రదించండి
208,208,Hepatitis B,Rest and conserve energy,విశ్రాంతి తీసుకోండి మరియు శక్తిని కాపాడుకోండి
209,209,Hepatitis B,Gradually resume normal diet,క్రమంగా సాధారణ ఆహారం తినండి
210,210,Hepatitis C,Follow a balanced and nutritious diet,సమతుల్య మరియు పోషక ఆహారం అనుసరించండి
211,211,Hepatitis C,Stay hydrated,శరీరాన్ని తడిగా ఉంచండి
212,212,Hepatitis C,Include protein-rich foods,ప్రోటీన్ ఎక్కువగా ఉన్న ఆహారం తినండి
213,213,Hepatitis C,Consume nutrient-rich foods,పోషకాలు ఎక్కువగా ఉన్న ఆహారం తినండి
214,214,Hepatitis C,Limit fatty foods,కొవ్వు ఎక్కువగా ఉన్న ఆహారాలు పరిమితం చేయండి
215,215,Hepatitis C,Avoid alcohol and caffeine,ఆల్కహాల్ మరియు కెఫిన్ నివారించండి
216,216,Hepatitis C,Include vitamin C-rich foods,విటమిన్ సి ఎక్కువగా ఉన్న ఆహారం తినండి
217,217,Hepatitis C,Consult a healthcare professional,వైద్యుడిని సంప్రదించండి
218,218,Hepatitis C,Rest and conserve energy,విశ్రాంతి తీసుకోండి మరియు శక్తిని కాపాడుకోండి
219,219,Hepatitis C,Gradually resume normal diet,క్రమంగా సాధారణ ఆహారం తినండి
220,220,Hepatitis D,Follow a balanced and nutritious diet,సమతుల్య మరియు పోషక ఆహారం అనుసరించండి
221,221,Hepatitis D,Stay hydrated,శరీరాన్ని తడిగా ఉంచండి
222,222,Hepatitis D,Include protein-rich foods,ప్రోటీన్ ఎక్కువగా ఉన్న ఆహారం తినండి
223,223,Hepatitis D,Consume nutrient-rich foods,పోషకాలు ఎక్కువగా ఉన్న ఆహారం తినండి
224,224,Hepatitis D,Limit fatty foods,కొవ్వు ఎక్కువగా ఉన్న ఆహారాలు పరిమితం చేయండి
225,225,Hepatitis D,Avoid alcohol and caffeine,ఆల్కహాల్ మరియు కెఫిన్ నివారించండి
226,226,Hepatitis D,Include vitamin C-rich foods,విటమిన్ సి ఎక్కువగా ఉన్న ఆహారం తినండి
227,227,Hepatitis D,Consult a healthcare professional,వైద్యుడిని సంప్రదించండి
228,228,Hepatitis D,Rest and conserve energy,విశ్రాంతి తీసుకోండి మరియు శక్తిని కాపాడుకోండి
229,229,Hepatitis D,Gradually resume normal diet,క్రమంగా సాధారణ ఆహారం తినండి
230,230,Hepatitis E,Stay hydrated,శరీరాన్ని తడిగా ఉంచండి
231,231,Hepatitis E,Consume nutrient-rich foods,పోషకాలు ఎక్కువగా ఉన్న ఆహారం తినండి
232,232,Hepatitis E,Include protein-rich foods,ప్రోటీన్ ఎక్కువగా ఉన్న ఆహారం తినండి
233,233,Hepatitis E,Consume easily digestible foods,సులభంగా జీర్ణమయ్యే ఆహారం తినండి
234,234,Hepatitis E,Limit fatty foods,కొవ్వు ఎక్కువగా ఉన్న ఆహారాలు పరిమితం చేయండి
235,235,Hepatitis E,Avoid alcohol and caffeine,ఆల్కహాల్ మరియు కెఫిన్ నివారించండి
236,236,Hepatitis E,Include vitamin C-rich foods,విటమిన్ సి ఎక్కువగా ఉన్న ఆహారం తినండి
237,237,Hepatitis E,Consult a healthcare professional,వైద్యుడిని సంప్రదించండి
238,238,Hepatitis E,Rest and conserve energy,విశ్రాంతి తీసుకోండి మరియు శక్తిని కాపాడుకోండి
239,239,Hepatitis E,Gradually resume normal diet,క్రమంగా సాధారణ ఆహారం తినండి
240,240,Alcoholic hepatitis,Avoid alcohol consumption,ఆల్కహాల్ తీసుకోవడం నివారించండి
241,241,Alcoholic hepatitis,Follow a balanced and nutritious diet,సమతుల్య మరియు పోషక ఆహారం అనుసరించండి
242,242,Alcoholic hepatitis,Stay hydrated,శరీరాన్ని తడిగా ఉంచండి
243,243,Alcoholic hepatitis,Consume nutrient-rich foods,పోషకాలు ఎక్కువగా ఉన్న ఆహారం తినండి
244,244,Alcoholic hepatitis,Include protein-rich foods,ప్రోటీన్ ఎక్కువగా ఉన్న ఆహారం తినండి
245,245,Alcoholic hepatitis,Limit fatty foods,కొవ్వు ఎక్కువగా ఉన్న ఆహారాలు పరిమితం చేయండి
246,246,Alcoholic hepatitis,Include antioxidants,యాంటీఆక్సిడెంట్లు తీసుకోండి
247,247,Alcoholic hepatitis,Consult a healthcare professional,వైద్యుడిని సంప్రదించండి
248,248,Alcoholic hepatitis,Rest and conserve energy,విశ్రాంతి తీసుకోండి మరియు శక్తిని కాపాడుకోండి
249,249,Alcoholic hepatitis,Gradually resume normal diet,క్రమంగా సాధారణ ఆహారం తినండి
250,250,Tuberculosis,Consume a high-protein diet,అధిక ప్రోటీన్ ఆహారం తినండి
251,251,Tuberculosis,Include nutrient-rich foods,పోషకాలు ఎక్కువగా ఉన్న ఆహారం తినండి
252,252,Tuberculosis,Stay hydrated,శరీరాన్ని తడిగా ఉంచండి
253,253,Tuberculosis,Consume foods rich in vitamins A and C,విటమిన్లు ఎ మరియు సి ఎక్కువగా ఉన్న ఆహారం తినండి
254,254,Tuberculosis,Include zinc-rich foods,జింక్ ఎక్కువగా ఉన్న ఆహారం తినండి
255,255,Tuberculosis,Limit sugary foods and beverages,చక్కెర పదార్థాలు మరియు పానీయాలు పరిమితం చేయండి
256,256,Tuberculosis,Consult a healthcare professional,వైద్యుడిని సంప్రదించండి
257,257,Tuberculosis,Rest and conserve energy,విశ్రాంతి తీసుకోండి మరియు శక్తిని కాపాడుకోండి
258,258,Tuberculosis,Gradually resume normal diet,క్రమంగా సాధారణ ఆహారం తినండి
259,259,Tuberculosis,Follow medical recommendations,వైద్య సిఫార్సులను పాటించండి
260,260,Common Cold,Stay hydrated,శరీరాన్ని తడిగా ఉంచండి
261,261,Common Cold,Include nutrient-rich foods,పోషకాలు ఎక్కువగా ఉన్న ఆహారం తినండి
262,262,Common Cold,Consume foods rich in vitamin C and antioxidants,విటమిన్ సి మరియు యాంటీఆక్సిడెంట్లు ఎక్కువగా ఉన్న ఆహారం తినండి
263,263,Common Cold,Include zinc-rich foods,జింక్ ఎక్కువగా ఉన్న ఆహారం తినండి
264,264,Common Cold,Limit sugary foods and beverages,చక్కెర పదార్థాలు మరియు పానీయాలు పరిమితం చేయండి
265,265,Common Cold,Consume chicken soup,చికెన్ సూప్ త్రాగండి
266,266,Common Cold,Consult a healthcare professional,వైద్యుడిని సంప్రదించండి
267,267,Common Cold,Rest and conserve energy,విశ్రాంతి తీసుకోండి మరియు శక్తిని కాపాడుకోండి
268,268,Common Cold,Gradually resume normal diet,క్రమంగా సాధారణ ఆహారం తినండి
269,269,Common Cold,Follow medical recommendations,వైద్య సిఫార్సులను పాటించండి
270,270,Pneumonia,Stay hydrated,శరీరాన్ని తడిగా ఉంచండి
271,271,Pneumonia,Include nutrient-rich foods,పోషకాలు ఎక్కువగా ఉన్న ఆహారం తినండి
272,272,Pneumonia,Consume foods rich in vitamin C and antioxidants,విటమిన్ సి మరియు యాంటీఆక్సిడెంట్లు ఎక్కువగా ఉన్న ఆహారం తినండి
273,273,Pneumonia,Include zinc-rich foods,జింక్ ఎక్కువగా ఉన్న ఆహారం తినండి
274,274,Pneumonia,Limit sugary foods and beverages,చక్కెర పదార్థాలు మరియు పానీయాలు పరిమితం చేయండి
275,275,Pneumonia,Consume chicken soup,చికెన్ సూప్ త్రాగండి
276,276,Pneumonia,Consult a healthcare professional,వైద్యుడిని సంప్రదించండి
277,277,Pneumonia,Rest and conserve energy,విశ్రాంతి తీసుకోండి మరియు శక్తిని కాపాడుకోండి
278,278,Pneumonia,Gradually resume normal diet,క్రమంగా సాధారణ ఆహారం తినండి
279,279,Pneumonia,Follow medical recommendations,వైద్య సిఫార్సులను పాటించండి
280,280,Dimorphic hemorrhoids(piles),Consume high-fiber foods,ఫైబర్ ఎక్కువగా ఉన్న ఆహారం తినండి
281,281,Dimorphic hemorrhoids(piles),Stay hydrated,శరీరాన్ని తడిగా ఉంచండి
282,282,Dimorphic hemorrhoids(piles),Include nutrient-rich foods,పోషకాలు ఎక్కువగా ఉన్న ఆహారం తినండి
283,283,Dimorphic hemorrhoids(piles),Consume foods rich in flavonoids,ఫ్లేవోనాయిడ్లు ఎక్కువగా ఉన్న ఆహారం తినండి
284,284,Dimorphic hemorrhoids(piles),Limit processed foods,ప్రాసెస్ చేసిన ఆహారాన్ని పరిమితం చేయండి
285,285,Dimorphic hemorrhoids(piles),Avoid spicy and greasy foods,మసాలా మరియు నూనె ఎక్కువగా ఉన్న ఆహారాలు నివారించండి
286,286,Dimorphic hemorrhoids(piles),Consult a healthcare professional,వైద్యుడిని సంప్రదించండి
287,287,Dimorphic hemorrhoids(piles),Practice good hygiene,మంచి శుభ్రతను పాటించండి
288,288,Dimorphic hemorrhoids(piles),Gradually resume normal diet,క్రమంగా సాధారణ ఆహారం తినండి
289,289,Dimorphic hemorrhoids(piles),Follow medical recommendations,వైద్య సిఫార్సులను పాటించండి
290,290,Heart attack,Follow a heart-healthy diet,గుండెకు ఆరోగ్యకరమైన ఆహారం అనుసరించండి
291,291,Heart attack,Limit sodium intake,సోడియం తీసుకోవడం పరిమితం చేయండి
292,292,Heart attack,Include fiber-rich foods,ఫైబర్ ఎక్కువగా ఉన్న ఆహారం తినండి
293,293,Heart attack,Consume healthy fats,ఆరోగ్యకరమైన కొవ్వులు తీసుకోండి
294,294,Heart attack,Include lean proteins,తక్కువ కొవ్వు ఉన్న ప్రోటీన్లు తీసుకోండి
295,295,Heart attack,Limit sugary foods and beverages,చక్కెర పదార్థాలు మరియు పానీయాలు పరిమితం చేయండి
296,296,Heart attack,Stay hydrated,శరీరాన్ని తడిగా ఉంచండి
297,297,Heart attack,Consult a healthcare professional,వైద్యుడిని సంప్రదించండి
298,298,Heart attack,Follow medical recommendations,వైద్య సిఫార్సులను పాటించండి
299,299,Heart attack,Engage in regular exercise,క్రమం తప్పకుండా వ్యాయామం చేయండి
300,300,Varicose veins,Consume a high-fiber diet,అధిక ఫైబర్ ఆహారం తినండి
301,301,Varicose veins,Stay hydrated,శరీరాన్ని తడిగా ఉంచండి
302,302,Varicose veins,Include nutrient-rich foods,పోషకాలు ఎక్కువగా ఉన్న ఆహారం తినండి
303,303,Varicose veins,Consume foods rich in antioxidants,యాంటీఆక్సిడెంట్లు ఎక్కువగా ఉన్న ఆహారం తినండి
304,304,Varicose veins,Limit sodium intake,సోడియం తీసుకోవడం పరిమితం చేయండి
305,305,Varicose veins,Include flavonoid-rich foods,ఫ్లేవోనాయిడ్లు ఎక్కువగా ఉన్న ఆహారం తినండి
306,306,Varicose veins,Avoid standing or sitting for long periods,ఎక్కువ సేపు నిలబడటం లేదా కూర్చోవడం నివారించండి
307,307,Varicose veins,Consult a healthcare professional,వైద్యుడిని సంప్రదించండి
308,308,Varicose veins,Follow medical recommendations,వైద్య సిఫార్సులను పాటించండి
309,309,Varicose veins,Engage in regular exercise,క్రమం తప్పకుండా వ్యాయామం చేయండి
310,310,Hypothyroidism,Include iodine-rich foods,అయోడిన్ ఎక్కువగా ఉన్న ఆహారం తినండి
311,311,Hypothyroidism,Consume selenium-rich foods,సెలీనియం ఎక్కువగా ఉన్న ఆహారం తినండి
312,312,Hypothyroidism,Stay hydrated,శరీరాన్ని తడిగా ఉంచండి
313,313,Hypothyroidism,Include nutrient-rich foods,పోషకాలు ఎక్కువగా ఉన్న ఆహారం తినండి
314,314,Hypothyroidism,Limit processed foods,ప్రాసెస్ చేసిన ఆహారాన్ని పరిమితం చేయండి
315,315,Hypothyroidism,Consume foods rich in vitamins B and D,విటమిన్లు బి మరియు డి ఎక్కువగా ఉన్న ఆహారం తినండి
316,316,Hypothyroidism,Consult a healthcare professional,వైద్యుడిని సంప్రదించండి
317,317,Hypothyroidism,Follow medical recommendations,వైద్య సిఫార్సులను పాటించండి
318,318,Hypothyroidism,Maintain a stable weight,స్థిరమైన బరువును నిర్వహించండి
319,319,Hypothyroidism,Engage in regular exercise,క్రమం తప్పకుండా వ్యాయామం చేయండి
320,320,Hyperthyroidism,Limit iodine intake,అయోడిన్ తీసుకోవడం పరిమితం చేయండి
321,321,Hyperthyroidism,Consume cruciferous vegetables in moderation,క్రూసిఫెరస్ కూరగాయలు మితంగా తినండి
322,322,Hyperthyroidism,Stay hydrated,శరీరాన్ని తడిగా ఉంచండి
323,323,Hyperthyroidism,Include nutrient-rich foods,పోషకాలు ఎక్కువగా ఉన్న ఆహారం తినండి
324,324,Hyperthyroidism,Limit caffeine and alcohol,కెఫిన్ మరియు ఆల్కహాల్ ను పరిమితం చేయండి
325,325,Hyperthyroidism,Include omega-3 fatty acids,ఒమేగా-3 ఫ్యాటీ ఆమ్లాలు ఉన్న ఆహారం తీసుకోండి
326,326,Hyperthyroidism,Consult a healthcare professional,వైద్యుడిని సంప్రదించండి
327,327,Hyperthyroidism,Follow medical recommendations,వైద్య సిఫార్సులను పాటించండి
328,328,Hyperthyroidism,Maintain a stable weight,స్థిరమైన బరువును నిర్వహించండి
329,329,Hyperthyroidism,Engage in regular exercise,క్రమం తప్పకుండా వ్యాయామం చేయండి
330,330,Hypoglycemia,Consume complex carbohydrates,కాంప్లెక్స్ కార్బోహైడ్రేట్లు తినండి
331,331,Hypoglycemia,Include protein-rich foods,ప్రోటీన్ ఎక్కువగా ఉన్న ఆహారం తినండి
332,332,Hypoglycemia,Stay hydrated,శరీరాన్ని తడిగా ఉంచండి
333,333,Hypoglycemia,Limit sugary foods and beverages,చక్కెర పదార్థాలు మరియు పానీయాలు పరిమితం చేయండి
334,334,Hypoglycemia,Consume regular meals and snacks,క్రమం తప్పకుండా భోజనాలు మరియు స్నాక్స్ తినండి
335,335,Hypoglycemia,Consult a healthcare professional,వైద్యుడిని సంప్రదించండి
336,336,Hypoglycemia,Monitor blood sugar levels,రక్తంలో చక్కెర స్థాయిని పర్యవేక్షించండి
337,337,Hypoglycemia,Follow medical recommendations,వైద్య సిఫార్సులను పాటించండి
338,338,Hypoglycemia,Engage in regular physical activity,క్రమం తప్పకుండా శారీరక కార్యకలాపాలు చేయండి
339,339,Hypoglycemia,Limit alcohol intake,ఆల్కహాల్ తీసుకోవడం పరిమితం చేయండి
340,340,Osteoarthritis,Consume anti-inflammatory foods,ఎంపికైన ఆహారాలు తీసుకోండి
341,341,Osteoarthritis,Include omega-3 fatty acids,ఒమేగా-3 ఫ్యాటీ ఆమ్లాలు ఉన్న ఆహారం తీసుకోండి
342,342,Osteoarthritis,Consume antioxidant-rich foods,యాంటీఆక్సిడెంట్లు ఎక్కువగా ఉన్న ఆహారం తినండి
343,343,Osteoarthritis,Stay hydrated,శరీరాన్ని తడిగా ఉంచండి
344,344,Osteoarthritis,Limit processed foods,ప్రాసెస్ చేసిన ఆహారాన్ని పరిమితం చేయండి
345,345,Osteoarthritis,Include vitamin K-rich foods,విటమిన్ కె ఎక్కువగా ఉన్న ఆహారం తినండి
346,346,Osteoarthritis,Consult a healthcare professional,వైద్యుడిని సంప్రదించండి
347,347,Osteoarthritis,Follow medical recommendations,వైద్య సిఫార్సులను పాటించండి
348,348,Osteoarthritis,Engage in low-impact exercise,తక్కువ ప్రభావం ఉన్న వ్యాయామం చేయండి
349,349,Osteoarthritis,Maintain a healthy weight,ఆరోగ్యకరమైన బరువును నిర్వహించండి
350,350,Arthritis,Consume anti-inflammatory foods,ఎంపికైన ఆహారాలు తీసుకోండి
351,351,Arthritis,Include omega-3 fatty acids,ఒమేగా-3 ఫ్యాటీ ఆమ్లాలు ఉన్న ఆహారం తీసుకోండి
352,352,Arthritis,Consume antioxidant-rich foods,యాంటీఆక్సిడెంట్లు ఎక్కువగా ఉన్న ఆహారం తినండి
353,353,Arthritis,Stay hydrated,శరీరాన్ని తడిగా ఉంచండి
354,354,Arthritis,Limit processed foods,ప్రాసెస్ చేసిన ఆహారాన్ని పరిమితం చేయండి
355,355,Arthritis,Include vitamin K-rich foods,విటమిన్ కె ఎక్కువగా ఉన్న ఆహారం తినండి
356,356,Arthritis,Consult a healthcare professional,వైద్యుడిని సంప్రదించండి
357,357,Arthritis,Follow medical recommendations,వైద్య సిఫార్సులను పాటించండి
358,358,Arthritis,Engage in low-impact exercise,తక్కువ ప్రభావం ఉన్న వ్యాయామం చేయండి
359,359,Arthritis,Maintain a healthy weight,ఆరోగ్యకరమైన బరువును నిర్వహించండి
360,360,(vertigo) Paroxysmal Positional Vertigo,"Avoid trigger foods (caffeine, alcohol)","ప్రేరేపక ఆహారాలు (కెఫిన్, ఆల్కహాల్) నివారించండి"
361,361,(vertigo) Paroxysmal Positional Vertigo,Limit sodium intake,సోడియం తీసుకోవడం పరిమితం చేయండి
362,362,(vertigo) Paroxysmal Positional Vertigo,Stay hydrated,శరీరాన్ని తడిగా ఉంచండి
363,363,(vertigo) Paroxysmal Positional Vertigo,Consume ginger and ginkgo biloba,అల్లం మరియు గింకో బిలోబా తీసుకోండి
364,364,(vertigo) Paroxysmal Positional Vertigo,Limit artificial sweeteners,కృత్రిమ స్వీటనర్లను పరిమితం చేయండి
365,365,(vertigo) Paroxysmal Positional Vertigo,Consult a healthcare professional,వైద్యుడిని సంప్రదించండి
366,366,(vertigo) Paroxysmal Positional Vertigo,Avoid sudden head movements,అకస్మాత్తుగా తల కదిలించడం నివారించండి
367,367,(vertigo) Paroxysmal Positional Vertigo,Follow medical recommendations,వైద్య సిఫార్సులను పాటించండి
368,368,(vertigo) Paroxysmal Positional Vertigo,Manage stress,ఒత్తిడిని నిర్వహించండి
369,369,(vertigo) Paroxysmal Positional Vertigo,Limit caffeine and stimulants,కెఫిన్ మరియు ఉత్తేజకాలు పరిమితం చేయండి
370,370,Acne,Consume a balanced diet,సమతుల్య ఆహారం తినండి
371,371,Acne,Limit dairy and high-glycemic foods,పాలు మరియు అధిక గ్లైసెమిక్ ఆహారాలు పరిమితం చేయండి
372,372,Acne,Include antioxidants,యాంటీఆక్సిడెంట్లు తీసుకోండి
373,373,Acne,Stay hydrated,శరీరాన్ని తడిగా ఉంచండి
374,374,Acne,Limit processed foods,ప్రాసెస్ చేసిన ఆహారాన్ని పరిమితం చేయండి
375,375,Acne,Include zinc-rich foods,జింక్ ఎక్కువగా ఉన్న ఆహారం తినండి
376,376,Acne,Consult a skincare professional,చర్మ సంరక్షణ నిపుణుని సంప్రదించండి
377,377,Acne,Practice good skincare hygiene,మంచి చర్మ సంరక్షణ శుభ్రతను పాటించండి
378,378,Acne,Limit sugary foods and beverages,చక్కెర పదార్థాలు మరియు పానీయాలు పరిమితం చేయండి
379,379,Acne,Follow medical recommendations,వైద్య సిఫార్సులను పాటించండి
380,380,Urinary tract infection,Stay hydrated,శరీరాన్ని తడిగా ఉంచండి
381,381,Urinary tract infection,Consume cranberry products,క్రాన్బెరీ ఉత్పత్తులు తీసుకోండి
382,382,Urinary tract infection,Include vitamin C-rich foods,విటమిన్ సి ఎక్కువగా ఉన్న ఆహారం తినండి
383,383,Urinary tract infection,Limit caffeine and alcohol,కెఫిన్ మరియు ఆల్కహాల్ ను పరిమితం చేయండి
384,384,Urinary tract infection,Consume probiotics,ప్రొబయోటిక్స్ తీసుకోండి
385,385,Urinary tract infection,Avoid spicy and acidic foods,మసాలా మరియు ఆమ్ల ఆహారాలు నివారించండి
386,386,Urinary tract infection,Consult a healthcare professional,వైద్యుడిని సంప్రదించండి
387,387,Urinary tract infection,Follow medical recommendations,వైద్య సిఫార్సులను పాటించండి
388,388,Urinary tract infection,Maintain good hygiene,మంచి శుభ్రతను పాటించండి
389,389,Urinary tract infection,Limit sugary foods and beverages,చక్కెర పదార్థాలు మరియు పానీయాలు పరిమితం చేయండి
390,390,Psoriasis,Consume anti-inflammatory foods,ఎంపికైన ఆహారాలు తీసుకోండి
391,391,Psoriasis,Include omega-3 fatty acids,ఒమేగా-3 ఫ్యాటీ ఆమ్లాలు ఉన్న ఆహారం తీసుకోండి
392,392,Psoriasis,Include vitamin D analogues,విటమిన్ డి అనలాగ్స్ తీసుకోండి
393,393,Psoriasis,Limit alcohol consumption,ఆల్కహాల్ తీసుకోవడం పరిమితం చేయండి
394,394,Psoriasis,Stay hydrated,శరీరాన్ని తడిగా ఉంచండి
395,395,Psoriasis,Consult a healthcare professional,వైద్యుడిని సంప్రదించండి
396,396,Psoriasis,Limit processed foods,ప్రాసెస్ చేసిన ఆహారాన్ని పరిమితం చేయండి
397,397,Psoriasis,Follow medical recommendations,వైద్య సిఫార్సులను పాటించండి
398,398,Psoriasis,Manage stress,ఒత్తిడిని నిర్వహించండి
399,399,Psoriasis,Consider phototherapy under medical guidance,వైద్య మార్గదర్శకత్వంలో ఫోటోథెరపీని పరిగణించండి
400,400,Impetigo,Maintain good hygiene,మంచి శుభ్రతను పాటించండి
401,401,Impetigo,Stay hydrated,శరీరాన్ని తడిగా ఉంచండి
402,402,Impetigo,Consume nutrient-rich foods,పోషకాలు ఎక్కువగా ఉన్న ఆహారం తినండి
403,403,Impetigo,Limit sugary foods and beverages,చక్కెర పదార్థాలు మరియు పానీయాలు పరిమితం చేయండి
404,404,Impetigo,Include foods rich in vitamin C,విటమిన్ సి ఎక్కువగా ఉన్న ఆహారం తినండి
405,405,Impetigo,Consult a healthcare professional,వైద్యుడిని సంప్రదించండి
406,406,Impetigo,Follow medical recommendations,వైద్య సిఫార్సులను పాటించండి
407,407,Impetigo,Avoid scratching,కొరుకుడు నివారించండి
408,408,Impetigo,Take prescribed antibiotics,నిర్దేశించిన యాంటీబయాటిక్స్ తీసుకోండి
409,409,Impetigo,Practice wound care,గాయం సంరక్షణను పాటించండి